,Pathway,F-statistic,p-value,Higher in
0,Citric Acid (TCA) Cycle And Respiratory Electron Transport R-HSA-1428517,53.11552225540412,2.5065644084594624e-10,Adult
1,"Respiratory Electron Transport, ATP Synthesis By Chemiosmotic Coupling, Heat Production By Uncoupling Proteins R-HSA-163200",43.995542872885714,4.280323888675017e-09,Adult
2,Respiratory Electron Transport R-HSA-611105,55.83765110469391,1.1189143436838533e-10,Adult
3,Mitotic Metaphase And Anaphase R-HSA-2555396,6.697721470639861,0.011560415414367765,Pediatric
4,Complex I Biogenesis R-HSA-6799198,18.828667750521785,4.3471534856522574e-05,Adult
5,Mitotic Anaphase R-HSA-68882,6.593438832346162,0.01219846651473453,Pediatric
6,M Phase R-HSA-68886,5.270832293414858,0.024443815990366956,Pediatric
7,Adaptive Immune System R-HSA-1280218,10.855180429564447,0.0014981594846262913,Pediatric
8,Separation Of Sister Chromatids R-HSA-2467813,4.904625980336853,0.02978151117130349,Pediatric
9,MAPK Family Signaling Cascades R-HSA-5683057,10.240195954180237,0.0020057084039146775,Pediatric
10,Synthesis Of DNA R-HSA-69239,5.254079856154969,0.024664376357818877,Pediatric
11,Nervous System Development R-HSA-9675108,5.026987828143802,0.02787192397727474,Pediatric
12,Intra-Golgi And Retrograde Golgi-to-ER Traffic R-HSA-6811442,14.95095103468834,0.00023100040720486833,Pediatric
13,MAPK1/MAPK3 Signaling R-HSA-5684996,10.61804633985761,0.0016759156793625194,Pediatric
14,VEGFA-VEGFR2 Pathway R-HSA-4420097,12.577672196319597,0.0006724865500077548,Pediatric
15,RAF/MAP Kinase Cascade R-HSA-5673001,9.490575048450104,0.00287512380631785,Pediatric
16,Axon Guidance R-HSA-422475,5.29880511988703,0.024080179442060083,Pediatric
18,Vesicle-mediated Transport R-HSA-5653656,7.79691264892812,0.006616981488494616,Pediatric
20,DNA Replication Pre-Initiation R-HSA-69002,4.938579302870673,0.029238061885652568,Pediatric
21,Switching Of Origins To A Post-Replicative State R-HSA-69052,5.784899411039628,0.018597509934858692,Pediatric
22,Signaling By VEGF R-HSA-194138,10.965584404876049,0.0014221854234470208,Pediatric
23,Membrane Trafficking R-HSA-199991,5.425658830694019,0.022501639787177004,Pediatric
24,APC/C-mediated Degradation Of Cell Cycle Proteins R-HSA-174143,4.887701213372242,0.03005641213257091,Pediatric
25,Fc Epsilon Receptor (FCERI) Signaling R-HSA-2454202,5.612104985713374,0.02037739430831959,Pediatric
27,Regulation Of APC/C Activators Between G1/S And Early Anaphase R-HSA-176408,6.269246876008276,0.014429458181006136,Pediatric
28,Signaling By Rho GTPases R-HSA-194315,5.191716818597785,0.02550418288395611,Pediatric
29,Antigen Processing: Ubiquitination And Proteasome Degradation R-HSA-983168,6.404598138068625,0.013449878731880452,Pediatric
31,Golgi-to-ER Retrograde Transport R-HSA-8856688,17.77129430728763,6.796565683308596e-05,Pediatric
32,CDK-mediated Phosphorylation And Removal Of Cdc6 R-HSA-69017,6.395598375896275,0.013512789559064422,Pediatric
34,"Signaling By Rho GTPases, Miro GTPases And RHOBTB3 R-HSA-9716542",7.236295767004442,0.008779051680408111,Pediatric
35,TCR Signaling R-HSA-202403,8.011165097689569,0.005944928815570346,Pediatric
36,Mitochondrial tRNA Aminoacylation R-HSA-379726,30.90593869177307,3.8517500982583585e-07,Adult
37,tRNA Aminoacylation R-HSA-379724,22.00968155057483,1.1739010739819872e-05,Adult
39,APC/C:Cdh1 Mediated Degradation Of Cdc20 And APC/C:Cdh1 Targets In Late Mitosis/Early G1 R-HSA-174178,4.464595552986204,0.0378874522723641,Pediatric
40,Translation R-HSA-72766,26.671674810768277,1.8790659021431794e-06,Adult
42,Cdc20:Phospho-APC/C Mediated Degradation Of Cyclin A R-HSA-174184,4.119195099585041,0.04590018449606191,Pediatric
43,APC:Cdc20 Mediated Degradation Of Cell Cycle Proteins Before Cycle Checkpoint Satisfied R-HSA-179419,4.119195099585041,0.04590018449606191,Pediatric
44,Metabolism Of Nucleotides R-HSA-15869,12.759181723161191,0.0006188606283167412,Adult
48,Autodegradation Of Cdh1 By Cdh1:APC/C R-HSA-174084,4.592095107662588,0.03532044763603779,Pediatric
51,G1/S Transition R-HSA-69206,5.769981072260412,0.01874449345788338,Pediatric
52,Leishmania Infection R-HSA-9658195,20.502458132025186,2.1690081110597924e-05,Pediatric
53,FCERI Mediated NF-kB Activation R-HSA-2871837,6.162463349320879,0.015255182052643201,Pediatric
54,COPI-mediated Anterograde Transport R-HSA-6807878,17.294687392282704,8.33016646785611e-05,Pediatric
55,Mitotic G2-G2/M Phases R-HSA-453274,6.9988272050191895,0.009907232961508418,Pediatric
56,COPI-dependent Golgi-to-ER Retrograde Traffic R-HSA-6811434,14.99339011915002,0.00022670547802571656,Pediatric
57,ER To Golgi Anterograde Transport R-HSA-199977,12.221290379122292,0.0007922277470904388,Pediatric
59,Orc1 Removal From Chromatin R-HSA-68949,4.442182197323548,0.03835898589059483,Pediatric
60,Innate Immune System R-HSA-168249,8.197753071875491,0.005417732571676259,Pediatric
64,Signaling By Receptor Tyrosine Kinases R-HSA-9006934,4.475094061452572,0.03766872137121069,Pediatric
67,C-type Lectin Receptors (CLRs) R-HSA-5621481,5.664663135839047,0.019817701240100086,Pediatric
69,Downstream Signaling Events Of B Cell Receptor (BCR) R-HSA-1168372,4.581263121998481,0.035531130404174466,Pediatric
70,Activation Of NF-kappaB In B Cells R-HSA-1169091,4.652820563076202,0.03416378513195461,Pediatric
71,Transport To Golgi And Subsequent Modification R-HSA-948021,12.687056027423152,0.0006396194673080088,Pediatric
74,G2/M Transition R-HSA-69275,7.543338747340007,0.007516239374424918,Pediatric
76,Regulation Of Activated PAK-2p34 By Proteasome Mediated Degradation R-HSA-211733,7.620498948560015,0.007229811677010698,Pediatric
77,Regulation Of Apoptosis R-HSA-169911,7.620498948560015,0.007229811677010698,Pediatric
78,RHO GTPase Effectors R-HSA-195258,5.241900136428431,0.024826057902091553,Pediatric
79,Hemostasis R-HSA-109582,9.403499076669176,0.0029989341139122563,Pediatric
80,Interleukin-1 Signaling R-HSA-9020702,4.561312508705447,0.035922694374175154,Pediatric
84,Signaling By ROBO Receptors R-HSA-376176,6.069673504387499,0.016013123400599325,Pediatric
85,Mitotic G1 Phase And G1/S Transition R-HSA-453279,6.351431046581408,0.013826049690578969,Pediatric
87,FBXL7 Down-Regulates AURKA During Mitotic Entry And In Early Mitosis R-HSA-8854050,5.510592487544069,0.021506274574926047,Pediatric
88,CLEC7A (Dectin-1) Signaling R-HSA-5607764,4.773293877324144,0.031987053653977846,Pediatric
90,Mitochondrial Biogenesis R-HSA-1592230,33.40717270723078,1.5595895110561888e-07,Adult
92,Cross-presentation Of Soluble Exogenous Antigens (Endosomes) R-HSA-1236978,6.293731629591915,0.014246841620381711,Pediatric
93,Asymmetric Localization Of PCP Proteins R-HSA-4608870,4.741525708342374,0.032546291737983214,Pediatric
96,Cytoprotection By HMOX1 R-HSA-9707564,37.277918146455335,4.019212520518492e-08,Adult
97,SCF(Skp2)-mediated Degradation Of P27/P21 R-HSA-187577,4.8484356389102015,0.030704645431576943,Pediatric
98,Degradation Of GLI1 By Proteasome R-HSA-5610780,4.03238668353685,0.04818850926281304,Pediatric
99,Hedgehog Off State R-HSA-5610787,4.6874497754735645,0.0335223562304149,Pediatric
101,Oxygen-dependent Proline Hydroxylation Of Hypoxia-inducible Factor Alpha R-HSA-1234176,9.65854691046413,0.0026510733004472967,Pediatric
102,MAPK6/MAPK4 Signaling R-HSA-5687128,6.206746088255608,0.014906875566180465,Pediatric
104,G1/S DNA Damage Checkpoints R-HSA-69615,4.190189194719906,0.0441156328707146,Pediatric
105,AUF1 (hnRNP D0) Binds And Destabilizes mRNA R-HSA-450408,4.435567127100882,0.038499352128543024,Pediatric
107,Asparagine N-linked Glycosylation R-HSA-446203,10.56943899288995,0.0017149783657657367,Pediatric
108,RHO GTPase Cycle R-HSA-9012999,8.756488034713989,0.004111571321288438,Pediatric
114,Transcriptional Regulation By RUNX2 R-HSA-8878166,4.325139731598528,0.04092562790888311,Pediatric
115,Autodegradation Of E3 Ubiquitin Ligase COP1 R-HSA-349425,4.466688789720002,0.03784373252081959,Pediatric
116,"Cell Cycle, Mitotic R-HSA-69278",4.773611529592035,0.03198151381000888,Pediatric
117,Ubiquitin-dependent Degradation Of Cyclin D R-HSA-75815,4.865654927617411,0.030418558511292198,Pediatric
124,Dectin-1 Mediated Noncanonical NF-kB Signaling R-HSA-5607761,4.322330232582082,0.04098945635542817,Pediatric
125,Programmed Cell Death R-HSA-5357801,5.3816653664412595,0.023036289182938617,Pediatric
128,Metabolism Of Vitamins And Cofactors R-HSA-196854,35.79072258244976,6.72655516421852e-08,Adult
129,Role Of GTSE1 In G2/M Progression After G2 Checkpoint R-HSA-8852276,5.189730706890851,0.025531422291119894,Pediatric
133,Nucleotide Biosynthesis R-HSA-8956320,14.826266688997434,0.0002441114235865793,Adult
136,Metabolism R-HSA-1430728,107.83921239595928,3.121481607835727e-16,Adult
137,TP53 Regulates Metabolic Genes R-HSA-5628897,59.236471808484396,4.186292178309175e-11,Adult
138,Cellular Response To Hypoxia R-HSA-1234174,6.3571560178245035,0.013785017547579192,Pediatric
141,"Platelet Activation, Signaling And Aggregation R-HSA-76002",11.562491661374082,0.0010752227719521173,Pediatric
142,RAC1 GTPase Cycle R-HSA-9013149,17.03793203996459,9.300138416707603e-05,Pediatric
144,Protein Localization R-HSA-9609507,24.757209064547215,3.941070102192222e-06,Adult
147,Signaling By Non-Receptor Tyrosine Kinases R-HSA-9006927,22.982748824801313,7.943711051782119e-06,Pediatric
148,FCGR3A-mediated Phagocytosis R-HSA-9664422,22.289196999901755,1.0488468282987982e-05,Pediatric
149,Nuclear Envelope Breakdown R-HSA-2980766,9.100465771403154,0.003474815085245489,Pediatric
150,Transcriptional Regulation By RUNX3 R-HSA-8878159,4.830087777245361,0.031012639881899978,Pediatric
151,Mitotic Spindle Checkpoint R-HSA-69618,6.704922581146671,0.011517669468941383,Pediatric
152,Fcgamma Receptor (FCGR) Dependent Phagocytosis R-HSA-2029480,17.47362413515752,7.716368190749803e-05,Pediatric
156,Pyruvate Metabolism And Citric Acid (TCA) Cycle R-HSA-71406,18.824313183754,4.355107247034887e-05,Adult
157,Muscle Contraction R-HSA-397014,17.33438084262351,8.18979584134167e-05,Pediatric
160,Purine Ribonucleoside Monophosphate Biosynthesis R-HSA-73817,20.021203184515947,2.645039029931686e-05,Adult
162,Mitochondrial Translation R-HSA-5368287,21.26746507259632,1.5860772092252516e-05,Adult
163,Regulation Of Actin Dynamics For Phagocytic Cup Formation R-HSA-2029482,19.309591865862707,3.554659552520366e-05,Pediatric
164,Cilium Assembly R-HSA-5617833,10.88145651892498,0.0014797041044670878,Pediatric
165,RHO GTPases Activate WASPs And WAVEs R-HSA-5663213,14.713033566511829,0.00025668410780757295,Pediatric
166,Protein Folding R-HSA-391251,4.147388992961668,0.04518236109918144,Pediatric
168,Costimulation By CD28 Family R-HSA-388841,10.768871819812464,0.0015604774295493852,Pediatric
169,CD28 Co-Stimulation R-HSA-389356,9.464842974466292,0.00291114809754829,Pediatric
170,Mitochondrial Protein Import R-HSA-1268020,13.970617353764407,0.0003575207367926567,Adult
172,RAC3 GTPase Cycle R-HSA-9013423,16.630365218030725,0.00011085686773418942,Pediatric
176,Cristae Formation R-HSA-8949613,20.54148940703219,2.1344933721281538e-05,Adult
178,Nuclear Envelope (NE) Reassembly R-HSA-2995410,6.118825894520545,0.015606808239126411,Pediatric
179,Smooth Muscle Contraction R-HSA-445355,18.8649949918698,4.281381063869641e-05,Pediatric
182,Transcriptional Activation Of Mitochondrial Biogenesis R-HSA-2151201,31.979565018065127,2.605582871430883e-07,Adult
184,Formation Of ATP By Chemiosmotic Coupling R-HSA-163210,4.734699350330901,0.032667816754323516,Adult
185,Apoptotic Execution Phase R-HSA-75153,11.539050010878714,0.0010870390557855844,Pediatric
186,Signaling By MET R-HSA-6806834,8.534388917354802,0.0045863229530871755,Pediatric
188,Cell Junction Organization R-HSA-446728,18.589003766134592,4.807994421189495e-05,Pediatric
189,EPHB-mediated Forward Signaling R-HSA-3928662,15.462925994551618,0.0001843373594491973,Pediatric
191,Citric Acid Cycle (TCA Cycle) R-HSA-71403,20.559322068534108,2.1189129627893282e-05,Adult
192,Downstream Signal Transduction R-HSA-186763,20.020400992718265,2.6459165905175826e-05,Pediatric
194,Signaling By PDGF R-HSA-186797,10.950426606217125,0.0014323750382856228,Pediatric
195,SLC-mediated Transmembrane Transport R-HSA-425407,18.204676868277055,5.654818285877872e-05,Adult
196,Cargo Trafficking To Periciliary Membrane R-HSA-5620920,7.868445851539277,0.006384188403531792,Pediatric
198,rRNA Processing In Mitochondrion R-HSA-8868766,43.86959024856954,4.458386150565207e-09,Adult
199,VEGFR2 Mediated Vascular Permeability R-HSA-5218920,4.243048293702706,0.04283541262995912,Pediatric
200,Cell-Cell Communication R-HSA-1500931,16.960092057289405,9.616659057763363e-05,Pediatric
201,Interleukin-12 Family Signaling R-HSA-447115,14.010334042668617,0.00035120679075281247,Pediatric
202,Integrin Signaling R-HSA-354192,21.880819091899603,1.236628040687918e-05,Pediatric
203,Platelet Aggregation (Plug Formation) R-HSA-76009,21.880819091899603,1.236628040687918e-05,Pediatric
204,Mitochondrial Translation Termination R-HSA-5419276,25.031234557544824,3.541199397343164e-06,Adult
205,EML4 And NUDC In Mitotic Spindle Formation R-HSA-9648025,5.252878213579143,0.02468027796284473,Pediatric
206,Unattached Kinetochores Signal Amplification Via A MAD2 Inhibitory Signal R-HSA-141444,5.252878294568159,0.024680276890732405,Pediatric
207,Glyoxylate Metabolism And Glycine Degradation R-HSA-389661,42.03447960526707,8.11578668382673e-09,Adult
209,Mitotic Prophase R-HSA-68875,6.642351946376211,0.011894707134299798,Pediatric
217,Gene And Protein Expression By JAK-STAT Signaling After Interleukin-12 Stimulation R-HSA-8950505,9.35591858555916,0.0030689175310569276,Pediatric
219,Mitochondrial Translation Elongation R-HSA-5389840,21.79437794991724,1.2806302321982555e-05,Adult
220,COPII-mediated Vesicle Transport R-HSA-204005,6.645184651229064,0.011877360722523737,Pediatric
221,Signaling By TGF-beta Receptor Complex R-HSA-170834,5.588634980576403,0.020632703273661082,Pediatric
222,Oncogenic MAPK Signaling R-HSA-6802957,15.877523805155397,0.0001537346149614364,Pediatric
224,Signaling By FGFR R-HSA-190236,6.416669837480238,0.013365977519335843,Pediatric
225,Interleukin-12 Signaling R-HSA-9020591,22.622514817152783,9.174599074084177e-06,Pediatric
226,EPH-Ephrin Signaling R-HSA-2682334,5.346436354500299,0.023474126620913492,Pediatric
228,Apoptotic Cleavage Of Cellular Proteins R-HSA-111465,9.216222415719201,0.00328437439962086,Pediatric
229,Metabolism Of Cofactors R-HSA-8978934,18.476291551920838,5.041852078080681e-05,Adult
230,Metabolism Of Water-Soluble Vitamins And Cofactors R-HSA-196849,16.73377493397307,0.00010601575319920276,Adult
231,GPCR Downstream Signaling R-HSA-388396,6.880921615017125,0.010522905635652145,Pediatric
232,Signaling By GPCR R-HSA-372790,6.880921615017125,0.010522905635652145,Pediatric
234,IRS-mediated Signaling R-HSA-112399,7.8192354282310115,0.00654339838828914,Pediatric
235,RNA Polymerase I Transcription Termination R-HSA-73863,8.886812567149176,0.003857104500398274,Pediatric
236,Cooperation Of PDCL (PhLP1) And TRiC/CCT In G-protein Beta Folding R-HSA-6814122,6.510797512265623,0.012730345969297965,Pediatric
237,CDC42 GTPase Cycle R-HSA-9013148,10.22926335215502,0.0020161972032003276,Pediatric
238,Viral Messenger RNA Synthesis R-HSA-168325,4.140753148070982,0.04535021787400081,Pediatric
240,TGF-beta Receptor Signaling Activates SMADs R-HSA-2173789,6.9128099230360744,0.010352533432992915,Pediatric
241,RAC2 GTPase Cycle R-HSA-9013404,15.445299515066603,0.0001857699588802586,Pediatric
242,Formation Of TC-NER Pre-Incision Complex R-HSA-6781823,9.950612792870874,0.0023036815075366084,Pediatric
243,Mitochondrial Translation Initiation R-HSA-5368286,27.536119027220632,1.3517533228322336e-06,Adult
244,Unfolded Protein Response (UPR) R-HSA-381119,6.740212106102015,0.0113105762835023,Pediatric
246,Aberrant Regulation Of Mitotic Cell Cycle Due To RB1 Defects R-HSA-9687139,6.866410359107258,0.010601407425702673,Pediatric
247,Diseases Of Mitotic Cell Cycle R-HSA-9675126,6.866410359107258,0.010601407425702673,Pediatric
250,p130Cas Linkage To MAPK Signaling For Integrins R-HSA-372708,27.708083658476774,1.2664861457037337e-06,Pediatric
251,Metabolism Of Porphyrins R-HSA-189445,34.08558574794659,1.225159066207734e-07,Adult
252,Heme Biosynthesis R-HSA-189451,34.085584939434455,1.2251594174311165e-07,Adult
253,SARS-CoV-1 Infection R-HSA-9678108,6.8962807516954525,0.01044048097161072,Pediatric
254,Initiation Of Nuclear Envelope (NE) Reformation R-HSA-2995383,10.396957403377405,0.0018613862921290753,Pediatric
255,Cyclin A/B1/B2 Associated Events During G2/M Transition R-HSA-69273,4.738330883974886,0.03260310688612125,Pediatric
257,Formation Of Tubulin Folding Intermediates By CCT/TriC R-HSA-389960,4.5176836830850275,0.03679515129817938,Pediatric
259,"PTK6 Regulates RHO GTPases, RAS GTPase And MAP Kinases R-HSA-8849471",13.390965587052177,0.0004642669203263281,Pediatric
260,Ubiquinol Biosynthesis R-HSA-2142789,23.67164098365486,6.0409789461567146e-06,Adult
264,rRNA Modification In Mitochondrion R-HSA-6793080,36.02451864642893,6.200438730660705e-08,Adult
265,Drug ADME R-HSA-9748784,10.27164373566062,0.0019758518961528544,Adult
266,Transport Of Inorganic Cations/Anions And Amino Acids/Oligopeptides R-HSA-425393,18.277009112122784,5.4844357440364733e-05,Adult
267,COPI-independent Golgi-to-ER Retrograde Traffic R-HSA-6811436,25.792509841824874,2.635200114158482e-06,Pediatric
268,PI3K Cascade R-HSA-109704,11.5951159605691,0.0010589988084770035,Pediatric
269,Sealing Of Nuclear Envelope (NE) By ESCRT-III R-HSA-9668328,7.371134614198379,0.008199132863982259,Pediatric
270,Regulation Of PLK1 Activity At G2/M Transition R-HSA-2565942,13.02001363289016,0.000549427220309296,Pediatric
271,Semaphorin Interactions R-HSA-373755,20.579073396040304,2.1017928460515094e-05,Pediatric
272,IRE1alpha Activates Chaperones R-HSA-381070,8.041740661074614,0.005854998714729389,Pediatric
273,XBP1(S) Activates Chaperone Genes R-HSA-381038,8.041740661074614,0.005854998714729389,Pediatric
274,IRS-related Events Triggered By IGF1R R-HSA-2428928,8.46954053113821,0.004735462682153217,Pediatric
275,"PI5P, PP2A And IER3 Regulate PI3K/AKT Signaling R-HSA-6811558",11.635231988097564,0.0010393962486289368,Pediatric
277,Non-integrin membrane-ECM Interactions R-HSA-3000171,13.714524860757177,0.00040115168042092195,Pediatric
278,Syndecan Interactions R-HSA-3000170,13.714524860757177,0.00040115168042092195,Pediatric
279,mTORC1-mediated Signaling R-HSA-166208,5.647199456332818,0.020001847328462122,Pediatric
280,Growth Hormone Receptor Signaling R-HSA-982772,6.144728191433929,0.015397072778302852,Pediatric
282,Dual Incision In TC-NER R-HSA-6782135,6.235554371776454,0.014684787589248096,Pediatric
284,Cytosolic tRNA Aminoacylation R-HSA-379716,4.038239710276433,0.048030419602725256,Pediatric
285,Gap-filling DNA Repair Synthesis And Ligation In TC-NER R-HSA-6782210,5.674894005972867,0.019710654878865592,Pediatric
287,Depolymerisation Of Nuclear Lamina R-HSA-4419969,18.629808781775928,4.7261127428073356e-05,Pediatric
288,Downregulation Of SMAD2/3:SMAD4 Transcriptional Activity R-HSA-2173795,4.277494017200895,0.04202266464483344,Pediatric
289,Signaling By BRAF And RAF1 Fusions R-HSA-6802952,20.989333134974515,1.7766437880027446e-05,Pediatric
293,Elastic Fibre Formation R-HSA-1566948,10.275474697367903,0.0019722464402551604,Pediatric
295,Regulation Of Signaling By CBL R-HSA-912631,11.321932103580075,0.0012030911898194838,Pediatric
296,MAP2K And MAPK Activation R-HSA-5674135,18.81859742957091,4.365570027908155e-05,Pediatric
298,Phosphorylation Of APC/C R-HSA-176412,8.34744200902497,0.005030152378552168,Pediatric
299,Negative Regulation Of PI3K/AKT Network R-HSA-199418,8.893076200260163,0.0038452954166347053,Pediatric
303,RAF Activation R-HSA-5673000,9.98091446396284,0.0022704547728273935,Pediatric
304,Transcription-Coupled Nucleotide Excision Repair (TC-NER) R-HSA-6781827,8.206940326658778,0.005393069883172567,Pediatric
307,Iron Uptake And Transport R-HSA-917937,9.33254949929278,0.0031039097264417156,Adult
311,"WNT5A-dependent Internalization Of FZD2, FZD5 And ROR2 R-HSA-5140745",8.15650984110663,0.005529906511519399,Adult
312,WNT5A-dependent Internalization Of FZD4 R-HSA-5099900,8.156509819443938,0.005529906571070228,Adult
313,MET Promotes Cell Motility R-HSA-8875878,16.144302020455715,0.00013686126607931305,Pediatric
314,RHO GTPases Activate PAKs R-HSA-5627123,20.54748834883222,2.129238966059886e-05,Pediatric
316,Cell-cell Junction Organization R-HSA-421270,15.337709619507102,0.00019476712931409048,Pediatric
318,Signaling By High-Kinase Activity BRAF Mutants R-HSA-6802948,21.25567750920951,1.5937101570110402e-05,Pediatric
319,Signaling By RAF1 Mutants R-HSA-9656223,21.25567750920951,1.5937101570110402e-05,Pediatric
320,Signaling By FGFR2 R-HSA-5654738,6.207843678865647,0.014898349567798268,Pediatric
323,DCC Mediated Attractive Signaling R-HSA-418885,7.7779840483159,0.0066800536122795275,Pediatric
324,Netrin-1 Signaling R-HSA-373752,15.909975009122084,0.0001515723121130748,Pediatric
325,Kinesins R-HSA-983189,18.4151962767062,5.173482242235682e-05,Pediatric
326,Centrosome Maturation R-HSA-380287,9.623173614379786,0.00269669895043755,Pediatric
327,Translation Of Replicase And Assembly Of Replication Transcription Complex R-HSA-9679504,13.95593385232533,0.0003598846370389491,Pediatric
331,RHOV GTPase Cycle R-HSA-9013424,23.522168791862242,6.409567554494238e-06,Pediatric
333,Insulin Receptor Signaling Cascade R-HSA-74751,8.95316748351772,0.0037338976498722297,Pediatric
337,PRC2 Methylates Histones And DNA R-HSA-212300,33.357074762558995,1.5877369895063398e-07,Adult
338,Signaling By FGFR2 In Disease R-HSA-5655253,3.9787070898363335,0.049664829006653165,Pediatric
339,APC/C:Cdc20 Mediated Degradation Of Cyclin B R-HSA-174048,4.720029559421719,0.03293061400678055,Pediatric
340,Retrograde Neurotrophin Signaling R-HSA-177504,7.342031342066926,0.008320814996036378,Adult
341,Paradoxical Activation Of RAF Signaling By Kinase Inactive BRAF R-HSA-6802955,15.778729528889325,0.00016051561109079476,Pediatric
342,GRB2:SOS Provides Linkage To MAPK Signaling For Integrins R-HSA-354194,17.402607517177895,7.954192645467551e-05,Pediatric
344,G Alpha (12/13) Signaling Events R-HSA-416482,4.4555263661176685,0.03807749863994143,Pediatric
346,EGR2 And SOX10-mediated Initiation Of Schwann Cell Myelination R-HSA-9619665,4.407117719043543,0.03910932540418481,Pediatric
347,RHO GTPases Activate CIT R-HSA-5625900,4.651233429718195,0.03419349553821942,Pediatric
348,Negative Regulation Of FGFR1 Signaling R-HSA-5654726,6.992748300029589,0.009938033199812322,Pediatric
349,HSP90 Chaperone Cycle For Steroid Hormone Receptors (SHR) In Presence Of Ligand R-HSA-3371497,12.398028977317935,0.0007303078680290999,Pediatric
350,VLDLR Internalisation And Degradation R-HSA-8866427,8.548372691717589,0.004554809449839684,Adult
351,MET Activates RAP1 And RAC1 R-HSA-8875555,15.636930469123087,0.00017079221504088596,Pediatric
353,Recruitment Of NuMA To Mitotic Centrosomes R-HSA-380320,13.38004371932065,0.0004665683707520944,Pediatric
358,Signaling By Type 1 Insulin-like Growth Factor 1 Receptor (IGF1R) R-HSA-2404192,7.161602296017375,0.009118634867153943,Pediatric
359,IGF1R Signaling Cascade R-HSA-2428924,7.161602296017375,0.009118634867153943,Pediatric
360,Estrogen-dependent Nuclear Events Downstream Of ESR-membrane Signaling R-HSA-9634638,9.482284813168924,0.0028866790508901624,Pediatric
361,Tight Junction Interactions R-HSA-420029,8.064201022234323,0.005789842934700742,Pediatric
362,Conversion From APC/C:Cdc20 To APC/C:Cdh1 In Late Anaphase R-HSA-176407,5.907424475573525,0.017435396421484707,Pediatric
363,SARS-CoV-2 Activates/Modulates Innate And Adaptive Immune Responses R-HSA-9705671,6.057965693211752,0.01611153962400948,Pediatric
365,Immune System R-HSA-168256,6.735323901939765,0.01133902743965447,Pediatric
368,BBSome-mediated Cargo-Targeting To Cilium R-HSA-5620922,7.8519369935889625,0.006437143344855581,Pediatric
369,NCAM Signaling For Neurite Out-Growth R-HSA-375165,11.482142510629815,0.0011162876409551205,Pediatric
374,Glycosaminoglycan Metabolism R-HSA-1630316,5.796356880416901,0.01848545137525245,Pediatric
375,Aberrant Regulation Of Mitotic Exit In Cancer Due To RB1 Defects R-HSA-9687136,8.0614857525646,0.005797679338168715,Pediatric
376,FRS-mediated FGFR1 Signaling R-HSA-5654693,6.340330654697526,0.013905975217402588,Pediatric
378,PKMTs Methylate Histone Lysines R-HSA-3214841,4.5179771181683925,0.03678920827506462,Adult
380,Death Receptor Signaling R-HSA-73887,7.416166060271142,0.008014511408514126,Pediatric
381,"Interleukin-3, Interleukin-5 And GM-CSF Signaling R-HSA-512988",9.18809352964452,0.0033296295945145532,Pediatric
383,Regulation Of IFNG Signaling R-HSA-877312,13.37142165825603,0.00046839353619351466,Pediatric
384,Biological Oxidations R-HSA-211859,15.202807356820449,0.00020668761150121817,Adult
385,SRP-dependent Cotranslational Protein Targeting To Membrane R-HSA-1799339,9.53784222762491,0.002810153488000828,Pediatric
386,Signaling By FGFR1 R-HSA-5654736,4.620718108099568,0.03477012640781973,Pediatric
387,"Cell Death Signaling Via NRAGE, NRIF And NADE R-HSA-204998",12.52187620168923,0.0006899201022400595,Pediatric
389,YAP1- And WWTR1 (TAZ)-stimulated Gene Expression R-HSA-2032785,6.818608466090017,0.010864376618690543,Pediatric
390,Extra-nuclear Estrogen Signaling R-HSA-9009391,5.41674560083134,0.022608890069905383,Pediatric
395,FCERI Mediated MAPK Activation R-HSA-2871796,13.662893856520698,0.00041059534686540476,Pediatric
397,NS1 Mediated Effects On Host Pathways R-HSA-168276,4.250881438083575,0.04264911799370502,Pediatric
398,RNA Pol II CTD Phosphorylation And Interaction With CE R-HSA-77075,6.452013834772179,0.013123478052729943,Pediatric
399,Chromatin Modifying Enzymes R-HSA-3247509,16.69426348914877,0.0001078392072464792,Adult
400,RHOA GTPase Cycle R-HSA-8980692,7.44495545232449,0.007898763764206151,Pediatric
401,RHO GTPases Activate ROCKs R-HSA-5627117,5.069721763870808,0.027236062280534462,Pediatric
405,AURKA Activation By TPX2 R-HSA-8854518,8.2385106357879,0.005309210221823754,Pediatric
410,TP53 Regulates Transcription Of Genes Involved In G1 Cell Cycle Arrest R-HSA-6804116,5.739862058521504,0.019044994451440797,Pediatric
411,Cholesterol Biosynthesis R-HSA-191273,14.371871763214685,0.00029876590261925613,Adult
412,VxPx Cargo-Targeting To Cilium R-HSA-5620916,8.393575994463507,0.004916619976625164,Pediatric
413,Defective Intrinsic Pathway For Apoptosis R-HSA-9734009,16.62230927247813,0.00011124345307244492,Pediatric
414,Negative Regulation Of MAPK Pathway R-HSA-5675221,9.18969124539444,0.0033270418085862546,Pediatric
416,Signaling By Erythropoietin R-HSA-9006335,7.338169343846479,0.008337103688659165,Pediatric
420,LDL Clearance R-HSA-8964038,5.07560155821907,0.027149787550087266,Adult
422,mRNA Capping R-HSA-72086,4.966805883403375,0.028794307590271854,Pediatric
423,Apoptotic Factor-Mediated Response R-HSA-111471,9.289871436946857,0.0031688897989351193,Adult
426,Cellular Response To Chemical Stress R-HSA-9711123,15.408543361555907,0.00018879441799080743,Adult
427,Diseases Associated With N-glycosylation Of Proteins R-HSA-3781860,7.50838503974746,0.007649874067397243,Pediatric
430,PI Metabolism R-HSA-1483255,5.795356094498149,0.01849521097428459,Pediatric
432,Inhibition Of Replication Initiation Of Damaged DNA By RB1/E2F1 R-HSA-113501,4.005962214652928,0.048909245218663834,Pediatric
433,Platelet Degranulation R-HSA-114608,4.438039006539943,0.03844683666450406,Pediatric
435,Sphingolipid Metabolism R-HSA-428157,7.8214321461934855,0.006536203647823726,Pediatric
436,Trafficking Of GluR2-containing AMPA Receptors R-HSA-416993,4.7278472664666955,0.03279028666034176,Adult
439,Budding And Maturation Of HIV Virion R-HSA-162588,6.830824856128299,0.010796526939744698,Pediatric
440,Loss Of Nlp From Mitotic Centrosomes R-HSA-380259,10.70660979938766,0.0016070979380802505,Pediatric
441,Negative Regulation Of FGFR3 Signaling R-HSA-5654732,8.757074379518247,0.004110388091440134,Pediatric
442,Negative Regulation Of FGFR2 Signaling R-HSA-5654727,8.757074379518247,0.004110388091440134,Pediatric
443,Negative Regulation Of FGFR4 Signaling R-HSA-5654733,8.757074379518247,0.004110388091440134,Pediatric
444,G Alpha (I) Signaling Events R-HSA-418594,6.7540720697539625,0.01123031290748557,Pediatric
445,TP53 Regulates Transcription Of Additional Cell Death Genes With Uncertain Roles In P53-Dependent Apoptosis R-HSA-6803205,11.771065342907423,0.0009757671755015097,Pediatric
446,PI-3K cascade:FGFR1 R-HSA-5654689,6.997324329037231,0.009914838320701882,Pediatric
449,Transport Of Ribonucleoproteins Into Host Nucleus R-HSA-168271,4.025631011945987,0.04837167666645796,Pediatric
453,Extracellular Matrix Organization R-HSA-1474244,12.54217932382156,0.0006835228590587612,Pediatric
456,Plasma Lipoprotein Clearance R-HSA-8964043,5.369291003743655,0.023189087382420967,Adult
457,Anchoring Of Basal Body To Plasma Membrane R-HSA-5620912,13.021980837287922,0.0005489353250130859,Pediatric
458,Activated NTRK2 Signals Thru FRS2 And FRS3 R-HSA-9028731,8.625045660881495,0.00438598666024498,Pediatric
464,FRS-mediated FGFR2 Signaling R-HSA-5654700,5.723439769968709,0.019210981726981425,Pediatric
465,FRS-mediated FGFR4 Signaling R-HSA-5654712,5.723439769968709,0.019210981726981425,Pediatric
466,FRS-mediated FGFR3 Signaling R-HSA-5654706,5.723439769968709,0.019210981726981425,Pediatric
471,Constitutive Signaling By Aberrant PI3K In Cancer R-HSA-2219530,8.823307069737355,0.003978988610377317,Pediatric
472,"Plasma Lipoprotein Assembly, Remodeling, And Clearance R-HSA-174824",7.625914549097633,0.007210141862857131,Adult
478,RMTs Methylate Histone Arginines R-HSA-3214858,39.64160913568986,1.7991376391385115e-08,Adult
479,MHC Class II Antigen Presentation R-HSA-2132295,10.70732797814181,0.0016065520232074698,Pediatric
484,Post NMDA Receptor Activation Events R-HSA-438064,15.813443691308205,0.00015809842049236498,Pediatric
485,APC-Cdc20 Mediated Degradation Of Nek2A R-HSA-179409,4.514978320264888,0.036849992175866875,Pediatric
486,Inactivation Of APC/C Via Direct Inhibition Of APC/C Complex R-HSA-141430,6.6210196638030565,0.012026195738704986,Pediatric
487,Early SARS-CoV-2 Infection Events R-HSA-9772572,12.038215778528125,0.0008621205249785243,Pediatric
489,"Glutamate Binding, Activation Of AMPA Receptors And Synaptic Plasticity R-HSA-399721",7.170210306548973,0.009078807881268344,Adult
493,Phase I - Functionalization Of Compounds R-HSA-211945,18.463120905361688,5.06993347938023e-05,Adult
496,HDR Thru Single Strand Annealing (SSA) R-HSA-5685938,5.170083977824367,0.02580254587226711,Adult
501,RET Signaling R-HSA-8853659,5.5539200484339455,0.021016557590655127,Pediatric
503,RHOU GTPase Cycle R-HSA-9013420,33.24577765628158,1.6521530128329228e-07,Pediatric
508,"Transport Of Bile Salts And Organic Acids, Metal Ions And Amine Compounds R-HSA-425366",14.928239578663538,0.00023333328086933247,Adult
509,Downstream Signaling Of Activated FGFR1 R-HSA-5654687,5.62237502457371,0.020266728686992298,Pediatric
510,Endosomal Sorting Complex Required For Transport (ESCRT) R-HSA-917729,4.419814263358567,0.038835834129160814,Pediatric
511,Anti-inflammatory Response Favoring Leishmania Infection R-HSA-9662851,9.207950771049077,0.003297615430654064,Pediatric
515,NRAGE Signals Death Thru JNK R-HSA-193648,10.347271259819873,0.0019059248424684024,Pediatric
519,Defective Pyroptosis R-HSA-9710421,40.3671138166676,1.4107284869323698e-08,Adult
520,Vitamin B5 (Pantothenate) Metabolism R-HSA-199220,14.9224117261619,0.00023393581864070826,Adult
521,Detoxification Of Reactive Oxygen Species R-HSA-3299685,7.158721234068871,0.009132005624393619,Adult
522,Phosphorylation Of Emi1 R-HSA-176417,8.720508274782643,0.004184860814792972,Pediatric
523,CTLA4 Inhibitory Signaling R-HSA-389513,28.33862101342825,9.983653242763824e-07,Pediatric
524,Cytosolic Iron-Sulfur Cluster Assembly R-HSA-2564830,5.7089603020807616,0.019358600195470393,Pediatric
525,Regulation Of IFNA/IFNB Signaling R-HSA-912694,14.534325853277789,0.000277903866366203,Pediatric
527,rRNA Modification In Nucleus And Cytosol R-HSA-6790901,5.529395568892615,0.021292282671901905,Pediatric
529,Signaling By ALK Fusions And Activated Point Mutants R-HSA-9725370,5.946772225144201,0.017078656898098406,Pediatric
530,Signaling By PDGFRA Extracellular Domain Mutants R-HSA-9673770,7.334678118131593,0.008351857305944897,Pediatric
532,Response To Elevated Platelet Cytosolic Ca2+ R-HSA-76005,5.175486962824677,0.025727681665117505,Pediatric
533,Abortive Elongation Of HIV-1 Transcript In Absence Of Tat R-HSA-167242,4.223395464228022,0.043306671104449024,Pediatric
534,Pyruvate Metabolism R-HSA-70268,8.14879130919629,0.0055511673368136,Adult
538,Erythropoietin Activates RAS R-HSA-9027284,7.803827154054023,0.00659409706162403,Pediatric
539,MET Receptor Recycling R-HSA-8875656,27.961995288609625,1.1505733719090903e-06,Pediatric
544,Post-translational Modification: Synthesis Of GPI-anchored Proteins R-HSA-163125,15.15321845065451,0.00021125661679763356,Pediatric
549,Signaling By FGFR4 R-HSA-5654743,5.062849191617125,0.027337273593420437,Pediatric
550,Signaling By FGFR3 R-HSA-5654741,5.062849191617125,0.027337273593420437,Pediatric
552,Signal Transduction By L1 R-HSA-445144,7.381803442435957,0.008154993794775326,Pediatric
553,RHOJ GTPase Cycle R-HSA-9013409,16.55161019570993,0.00011469636509760632,Pediatric
554,Signaling To ERKs R-HSA-187687,6.1045675777083455,0.015723542904310203,Pediatric
557,PTK6 Regulates Cell Cycle R-HSA-8849470,8.096098930210612,0.005698607483504606,Pediatric
558,EPH-ephrin Mediated Repulsion Of Cells R-HSA-3928665,4.009627378544934,0.048808586359599185,Adult
559,RUNX1 Regulates Genes Involved In Megakaryocyte Differentiation And Platelet Function R-HSA-8936459,13.19489563840749,0.0005074293823863797,Adult
560,Processive Synthesis On Lagging Strand R-HSA-69183,11.185415905648899,0.001282569949025709,Pediatric
561,Removal Of Flap Intermediate R-HSA-69166,11.185415905648899,0.001282569949025709,Pediatric
564,Spry Regulation Of FGF Signaling R-HSA-1295596,9.554074883816526,0.0027881948576506752,Pediatric
566,Activation Of NMDA Receptors And Postsynaptic Events R-HSA-442755,14.459026062746693,0.0002873799882319747,Pediatric
567,HSF1 Activation R-HSA-3371511,13.045827252190389,0.0005430086727542439,Pediatric
568,Senescence-Associated Secretory Phenotype (SASP) R-HSA-2559582,5.586121124568103,0.020660249151641344,Pediatric
570,Organelle Biogenesis And Maintenance R-HSA-1852241,10.194006999361587,0.0020504119886960207,Adult
571,Cargo Recognition For Clathrin-Mediated Endocytosis R-HSA-8856825,4.955147937913792,0.02897670897102458,Adult
572,RNA Polymerase I Transcription Initiation R-HSA-73762,5.8447487986779025,0.01801996523940133,Pediatric
574,Signaling By KIT In Disease R-HSA-9669938,8.222392453715303,0.0053518533341939244,Pediatric
575,Signaling By BMP R-HSA-201451,4.513137838845517,0.036887350863476026,Adult
577,Thrombin Signaling Thru Proteinase Activated Receptors (PARs) R-HSA-456926,11.706334235913276,0.0010055705261587445,Pediatric
579,Signaling By NTRK2 (TRKB) R-HSA-9006115,11.88807225824882,0.0009241941830862653,Pediatric
580,Metabolism Of Steroids R-HSA-8957322,6.315304498985556,0.014087958443069554,Adult
581,Adherens Junctions Interactions R-HSA-418990,10.93776187456926,0.0014409467635153562,Pediatric
583,PI-3K cascade:FGFR4 R-HSA-5654720,7.036702453165354,0.009717569429407182,Pediatric
584,PI-3K cascade:FGFR3 R-HSA-5654710,7.036702453165354,0.009717569429407182,Pediatric
585,PI-3K cascade:FGFR2 R-HSA-5654695,7.036702453165354,0.009717569429407182,Pediatric
588,Signaling By Leptin R-HSA-2586552,9.867039679253185,0.002397965567190867,Pediatric
589,RUNX2 Regulates Bone Development R-HSA-8941326,4.487032050626203,0.03742164066936726,Pediatric
590,Glycolysis R-HSA-70171,7.028773755287348,0.009756955663466283,Pediatric
593,G Alpha (Q) Signaling Events R-HSA-416476,7.281596282074701,0.008579574961555822,Pediatric
596,Signal Amplification R-HSA-392518,6.249094834336781,0.014581607910998832,Pediatric
598,Integrin Cell Surface Interactions R-HSA-216083,9.654670397575716,0.0026560339675564515,Pediatric
599,APC Truncation Mutants Have Impaired AXIN Binding R-HSA-5467337,10.965135714018862,0.0014224859674425061,Pediatric
601,Nuclear Signaling By ERBB4 R-HSA-1251985,5.596036123411107,0.020551829674354018,Pediatric
604,Platelet Homeostasis R-HSA-418346,8.059895221719673,0.00580227483110972,Pediatric
605,Potential Therapeutics For SARS R-HSA-9679191,5.66048590989177,0.019861584392422416,Adult
608,Opioid Signaling R-HSA-111885,5.792120877414859,0.018526797844668583,Pediatric
611,Activation Of PUMA And Translocation To Mitochondria R-HSA-139915,8.940266170527346,0.0037575276466535693,Pediatric
616,Phase II - Conjugation Of Compounds R-HSA-156580,4.868763439350972,0.030367215912722588,Adult
618,Fatty Acid Metabolism R-HSA-8978868,5.023724901466349,0.02792111911634588,Adult
622,Mismatch Repair (MMR) Directed By MSH2:MSH3 (MutSbeta) R-HSA-5358606,14.91356925028459,0.00023485310608848816,Pediatric
623,Mismatch Repair R-HSA-5358508,14.91356925028459,0.00023485310608848816,Pediatric
624,Mismatch Repair (MMR) Directed By MSH2:MSH6 (MutSalpha) R-HSA-5358565,14.91356925028459,0.00023485310608848816,Pediatric
625,Signaling By PDGFR In Disease R-HSA-9671555,11.111613286354633,0.001327784969788047,Pediatric
630,Processing Of Capped Intronless Pre-mRNA R-HSA-75067,5.1884614046057465,0.025548846872080172,Adult
632,CD209 (DC-SIGN) Signaling R-HSA-5621575,24.9150492154494,3.7053846029355733e-06,Pediatric
634,Oxidative Stress Induced Senescence R-HSA-2559580,38.75901577956119,2.423872959056331e-08,Adult
635,Interleukin-20 Family Signaling R-HSA-8854691,10.525087461389505,0.0017514452739335457,Pediatric
636,Sulfur Amino Acid Metabolism R-HSA-1614635,4.644923028190617,0.03431189656569114,Adult
638,TBC/RABGAPs R-HSA-8854214,9.41506163312236,0.0029821794314065842,Adult
639,Interleukin-6 Signaling R-HSA-1059683,7.187527668432104,0.008999236071874297,Pediatric
642,Regulation Of TP53 Activity Thru Methylation R-HSA-6804760,5.875131722896692,0.017734045932558864,Adult
646,Golgi Cisternae Pericentriolar Stack Reorganization R-HSA-162658,25.19127948257957,3.327202293668361e-06,Pediatric
649,MET Activates PI3K/AKT Signaling R-HSA-8851907,5.295247317439062,0.024126109422180915,Pediatric
650,Aggrephagy R-HSA-9646399,11.930187202164923,0.0009063292895806791,Pediatric
651,MAPK Targets/ Nuclear Events Mediated By MAP Kinases R-HSA-450282,7.390246384434013,0.008120239964691547,Pediatric
654,Cytochrome P450 - Arranged By Substrate Type R-HSA-211897,8.473301243460872,0.004726677119421676,Adult
656,ERBB2 Regulates Cell Motility R-HSA-6785631,21.675751206920978,1.3436551001608402e-05,Pediatric
657,Regulation Of Lipid Metabolism By PPARalpha R-HSA-400206,5.005953127918409,0.028190690038770904,Adult
658,Tie2 Signaling R-HSA-210993,6.48008852505172,0.012934152375275457,Pediatric
659,Formation Of Senescence-Associated Heterochromatin Foci (SAHF) R-HSA-2559584,12.03131161530795,0.0008648779929180116,Pediatric
660,RUNX2 Regulates Osteoblast Differentiation R-HSA-8940973,4.440691629503625,0.03839056659097293,Pediatric
662,RAF-independent MAPK1/3 Activation R-HSA-112409,10.949484755041917,0.0014330106770362584,Pediatric
663,E2F-enabled Inhibition Of Pre-Replication Complex Formation R-HSA-113507,4.0236823990534605,0.048424648978330556,Pediatric
665,Deposition Of New CENPA-containing Nucleosomes At Centromere R-HSA-606279,4.0654313124427475,0.047303269203414655,Adult
671,Regulation Of Cholesterol Biosynthesis By SREBP (SREBF) R-HSA-1655829,4.87632794534775,0.03024265983967855,Adult
679,Downstream Signaling Of Activated FGFR3 R-HSA-5654708,5.326180627668455,0.023729857466666823,Pediatric
680,Downstream Signaling Of Activated FGFR2 R-HSA-5654696,5.326180454160838,0.02372985966982628,Pediatric
681,Downstream Signaling Of Activated FGFR4 R-HSA-5654716,5.326180454160838,0.02372985966982628,Pediatric
683,Formation Of beta-catenin:TCF Transactivating Complex R-HSA-201722,10.09870538018892,0.002145948861870727,Adult
686,MAPK3 (ERK1) Activation R-HSA-110056,6.959620373082812,0.010107657435045799,Pediatric
688,NOTCH3 Activation And Transmission Of Signal To Nucleus R-HSA-9013507,11.590185681189,0.0010614342616740843,Pediatric
689,EGFR Downregulation R-HSA-182971,4.7702468198089445,0.03204024623772643,Pediatric
690,Formation Of Incision Complex In GG-NER R-HSA-5696395,10.362014656786478,0.0018925946436313002,Pediatric
694,SHC-mediated cascade:FGFR1 R-HSA-5654688,7.50923870224371,0.007646580916203459,Pediatric
700,SOS-mediated Signaling R-HSA-112412,4.2317347119268165,0.04310602627119986,Pediatric
705,MET Activates PTK2 Signaling R-HSA-8874081,18.59867410626186,4.7884581087070596e-05,Pediatric
706,Signaling By ERBB4 R-HSA-1236394,8.433435791491641,0.0048206799621213275,Pediatric
707,GPER1 Signaling R-HSA-9634597,19.34485708363862,3.5027534520716726e-05,Pediatric
714,Activation Of Gene Expression By SREBF (SREBP) R-HSA-2426168,4.071241724488793,0.04714943159198507,Adult
715,Signaling By Hippo R-HSA-2028269,5.160393146082796,0.025937402902550012,Pediatric
718,G1/S-Specific Transcription R-HSA-69205,9.428954458060538,0.0029621767520441452,Pediatric
721,ERCC6 (CSB) And EHMT2 (G9a) Positively Regulate rRNA Expression R-HSA-427389,11.459612320546423,0.0011280916486440036,Adult
722,MASTL Facilitates Mitotic Progression R-HSA-2465910,6.709774902543979,0.011488959598599354,Pediatric
723,Signaling By ERBB2 R-HSA-1227986,6.945651782583861,0.010180087911052842,Pediatric
729,Beta-catenin Phosphorylation Cascade R-HSA-196299,11.698694497105379,0.0010091496792261425,Pediatric
730,CTNNB1 S33 Mutants Not Phosphorylated R-HSA-5358747,11.698694497105379,0.0010091496792261425,Pediatric
731,Disassembly Of Destruction Complex And Recruitment Of AXIN To Membrane R-HSA-4641262,11.698694455210276,0.0010091496988897844,Pediatric
737,Cardiac Conduction R-HSA-5576891,5.8122730480996925,0.01833096678092467,Pediatric
742,Transcriptional Regulation By E2F6 R-HSA-8953750,13.304728252212767,0.00048276333497700716,Adult
743,RHOQ GTPase Cycle R-HSA-9013406,10.05569587334201,0.002190567338879208,Pediatric
745,Regulated Proteolysis Of p75NTR R-HSA-193692,10.04969095631637,0.0021968731178928975,Pediatric
747,DAP12 Signaling R-HSA-2424491,6.925889855256234,0.010283489282118318,Pediatric
754,Synthesis Of Active Ubiquitin: Roles Of E1 And E2 Enzymes R-HSA-8866652,6.172289697459528,0.015177159602777655,Pediatric
756,Sema3A PAK Dependent Axon Repulsion R-HSA-399954,5.898847626257949,0.017514195507866346,Pediatric
758,Platelet Sensitization By LDL R-HSA-432142,4.035242872023201,0.04811129397054637,Pediatric
759,RNA Polymerase II Transcription R-HSA-73857,6.157531951913933,0.015294497079848866,Adult
760,Cell Recruitment (Pro-Inflammatory Response) R-HSA-9664424,17.73205744059672,6.911035753309908e-05,Pediatric
761,NLRP3 Inflammasome R-HSA-844456,17.732058592733306,6.911032363031767e-05,Pediatric
762,Intrinsic Pathway For Apoptosis R-HSA-109606,10.938098876957216,0.0014407179865650577,Adult
764,Mitochondrial Calcium Ion Transport R-HSA-8949215,5.239218669429734,0.02486180424666196,Adult
769,Generic Transcription Pathway R-HSA-212436,12.228555438287346,0.0007895782920420156,Adult
782,HATs Acetylate Histones R-HSA-3214847,7.47030586973955,0.00779829063267737,Adult
783,Synthesis Of PIPs At Golgi Membrane R-HSA-1660514,18.620308502079336,4.7450473137999945e-05,Pediatric
785,Transcriptional Regulation By VENTX R-HSA-8853884,6.542523285934144,0.012523332891061055,Pediatric
788,G-protein Mediated Events R-HSA-112040,11.074965313162322,0.0013508481878937795,Pediatric
790,PLC Beta Mediated Events R-HSA-112043,10.410165026087661,0.001849729715999962,Pediatric
793,Fatty acyl-CoA Biosynthesis R-HSA-75105,4.321344396965568,0.041011878657483535,Adult
798,Transport Of Small Molecules R-HSA-382551,5.558314005229303,0.020967557349987866,Adult
806,GAB1 Signalosome R-HSA-180292,18.878604362619978,4.257005369918608e-05,Pediatric
808,Leading Strand Synthesis R-HSA-69109,5.16636444818024,0.02585421837893327,Adult
817,Regulation Of Insulin Secretion R-HSA-422356,4.566959868860158,0.03581138963690843,Pediatric
818,RUNX1 Interacts With Co-Factors Whose Precise Effect On RUNX1 Targets Is Not Known R-HSA-8939243,17.470871845976504,7.725447253921514e-05,Adult
819,G Alpha (S) Signaling Events R-HSA-418555,15.438662845312198,0.00018631233060542734,Pediatric
822,Metabolism Of Carbohydrates R-HSA-71387,4.2459944511378245,0.0427652422374311,Pediatric
826,Signaling To RAS R-HSA-167044,10.756743474926367,0.0015694476006095984,Pediatric
833,Oncogene Induced Senescence R-HSA-2559585,7.331570363329213,0.008365013401284975,Pediatric
848,DAG And IP3 Signaling R-HSA-1489509,11.569707660487216,0.0010716122348281066,Pediatric
850,TNF Signaling R-HSA-75893,5.813790128620752,0.018316313110768714,Pediatric
853,Estrogen-dependent Gene Expression R-HSA-9018519,10.201938634108394,0.0020426624764601515,Adult
862,Processing Of SMDT1 R-HSA-8949664,7.26422545124432,0.008655498889517972,Adult
869,"Gamma Carboxylation, Hypusine Formation And Arylsulfatase Activation R-HSA-163841",4.434330119952255,0.03852566137237214,Adult
870,Regulated Necrosis R-HSA-5218859,8.977621647752107,0.0036895310819816344,Pediatric
871,MAPK1 (ERK2) Activation R-HSA-112411,4.856269722285518,0.03057413364183846,Pediatric
872,RND1 GTPase Cycle R-HSA-9696273,7.318734118539085,0.008419583519715772,Adult
873,Cleavage Of Damaged Purine R-HSA-110331,9.27359674540607,0.0031940403451991284,Adult
874,Cleavage Of Damaged Pyrimidine R-HSA-110329,9.27359674540607,0.0031940403451991284,Adult
875,"Base-Excision Repair, AP Site Formation R-HSA-73929",9.27359674540607,0.0031940403451991284,Adult
876,Packaging Of Telomere Ends R-HSA-171306,9.27359674540607,0.0031940403451991284,Adult
881,Base Excision Repair R-HSA-73884,9.17063208274076,0.0033580484346401947,Adult
884,IL-6-type Cytokine Receptor Ligand Interactions R-HSA-6788467,4.01243474320847,0.04873163685906309,Pediatric
891,Regulation Of TP53 Activity Thru Phosphorylation R-HSA-6804756,4.282700974316211,0.04190125355501867,Adult
894,Signaling By WNT In Cancer R-HSA-4791275,4.221240838854525,0.043358674972559935,Pediatric
895,Viral mRNA Translation R-HSA-192823,14.151333792460187,0.00032970664808410253,Adult
897,Phototransduction Cascade R-HSA-2514856,11.828945385536798,0.0009498929592284027,Pediatric
898,"Inactivation, Recovery And Regulation Of Phototransduction Cascade R-HSA-2514859",11.828945385536798,0.0009498929592284027,Pediatric
900,Regulation Of TNFR1 Signaling R-HSA-5357905,7.824791830375518,0.00652521591706389,Pediatric
901,Transcriptional Regulation By TP53 R-HSA-3700989,99.22554139887474,1.966251839420675e-15,Adult
902,IKK Complex Recruitment Mediated By RIP1 R-HSA-937041,8.777476985014111,0.0040694362458126845,Adult
905,Diseases Of Programmed Cell Death R-HSA-9645723,8.903370273166956,0.0038259692923070733,Adult
907,Signaling By NTRK3 (TRKC) R-HSA-9034015,6.235663646937998,0.01468395183194937,Pediatric
912,MET Activates RAS Signaling R-HSA-8851805,19.077097133129364,3.917299629453888e-05,Pediatric
925,Epigenetic Regulation Of Gene Expression R-HSA-212165,5.333289170257733,0.023639776578667553,Adult
931,Glycerophospholipid Biosynthesis R-HSA-1483206,17.27771088691414,8.390956805454989e-05,Adult
933,SHC-mediated cascade:FGFR4 R-HSA-5654719,4.776191732986671,0.03193655304148778,Pediatric
934,SHC-mediated cascade:FGFR3 R-HSA-5654704,4.776191732986671,0.03193655304148778,Pediatric
935,SHC-mediated cascade:FGFR2 R-HSA-5654699,4.776191732986671,0.03193655304148778,Pediatric
939,Interleukin-7 Signaling R-HSA-1266695,5.075311870125034,0.027154031359241982,Adult
940,Interleukin-6 Family Signaling R-HSA-6783589,5.988636967869349,0.016707537935800366,Pediatric
941,Interleukin-37 Signaling R-HSA-9008059,5.63795946414863,0.020100009568901227,Adult
943,Synthesis Of diphthamide-EEF2 R-HSA-5358493,8.507174374195602,0.004648306284600379,Adult
946,TNFR1-induced NFkappaB Signaling Pathway R-HSA-5357956,3.9688449220357938,0.049941327994359914,Pediatric
948,NOTCH3 Intracellular Domain Regulates Transcription R-HSA-9013508,5.417161129861162,0.022603878116516093,Adult
950,Polymerase Switching On C-strand Of Telomere R-HSA-174411,11.467774880912465,0.001123800254578203,Adult
951,Gastrin-CREB Signaling Pathway Via PKC And MAPK R-HSA-881907,14.18496343936013,0.00032478252713439497,Pediatric
960,Regulation Of Necroptotic Cell Death R-HSA-5675482,4.990384469343311,0.02842911783863311,Pediatric
967,Activation Of HOX Genes During Differentiation R-HSA-5619507,6.248806335223103,0.014583798327370353,Adult
968,FOXO-mediated Transcription R-HSA-9614085,12.386601288737198,0.0007341558138082961,Adult
973,Golgi Associated Vesicle Biogenesis R-HSA-432722,7.378334606957746,0.008169317709514328,Adult
976,Signaling By ERBB2 TMD/JMD Mutants R-HSA-9665686,10.065369034092784,0.002180449027010687,Pediatric
978,RIPK1-mediated Regulated Necrosis R-HSA-5213460,7.8001530881406245,0.006606246531549976,Pediatric
984,Visual Phototransduction R-HSA-2187338,4.82044377003749,0.031175846357463226,Pediatric
985,SHC-related Events Triggered By IGF1R R-HSA-2428933,9.929654367082925,0.0023269582646386505,Pediatric
986,SHC1 Events In ERBB2 Signaling R-HSA-1250196,8.745207039184884,0.004134405315317752,Pediatric
987,GRB2 Events In ERBB2 Signaling R-HSA-1963640,17.960232506157624,6.272103970187319e-05,Pediatric
988,Cohesin Loading Onto Chromatin R-HSA-2470946,5.462867258160306,0.0220597072689612,Adult
991,TFAP2 (AP-2) Family Regulates Transcription Of Growth Factors And Their Receptors R-HSA-8866910,5.189444053006705,0.02553535628208297,Pediatric
992,Translesion Synthesis By POLI R-HSA-5656121,5.617587878978316,0.020318233665691934,Adult
993,Translesion Synthesis By POLK R-HSA-5655862,5.617587878978316,0.020318233665691934,Adult
994,Translesion Synthesis By REV1 R-HSA-110312,5.617587878978316,0.020318233665691934,Adult
996,Signaling By ERBB2 KD Mutants R-HSA-9664565,6.89235672549287,0.010461474604430396,Pediatric
1003,Selenoamino Acid Metabolism R-HSA-2408522,4.69026777994173,0.03347072762422616,Adult
1004,Synthesis Of PIPs At Late Endosome Membrane R-HSA-1660517,29.740425198396856,5.916528596206494e-07,Pediatric
1005,Amyloid Fiber Formation R-HSA-977225,6.568971750829516,0.012353459044673448,Adult
1006,SARS-CoV-2 Modulates Autophagy R-HSA-9754560,5.889637511577309,0.017599231265154367,Adult
1007,CASP8 Activity Is Inhibited R-HSA-5218900,10.80741731449567,0.0015323204401417284,Pediatric
1008,Dimerization Of Procaspase-8 R-HSA-69416,10.80741731449567,0.0015323204401417284,Pediatric
1010,PI3K Events In ERBB2 Signaling R-HSA-1963642,17.18940514486688,8.71462703796415e-05,Pediatric
1012,Insertion Of Tail-Anchored Proteins Into Endoplasmic Reticulum Membrane R-HSA-9609523,4.565419616206346,0.03584171011596197,Adult
1019,Signaling By ERBB2 In Cancer R-HSA-1227990,4.431051263664293,0.03859549081197892,Pediatric
1021,SIRT1 Negatively Regulates rRNA Expression R-HSA-427359,5.058554941577897,0.027400717216817545,Adult
1032,Metabolism Of Lipids R-HSA-556833,9.153389783092393,0.0033863583507635097,Adult
1034,SHC1 Events In EGFR Signaling R-HSA-180336,12.061429067059613,0.0008529158846701063,Pediatric
